Round,Iterations_Run,Final_Cost_ITAE,Best_Kp,Best_Ki
1,4,1.5680602722422807,9.970604362413619,0.0058535903977091335
2,4,1.5785781397341525,13.017057321542854,0.006795771401487566
3,4,1.605762114779057,7.539415052138703,0.0033189401605331556
4,4,1.5714686831767732,10.4294137789228,0.00998807740020285
5,4,1.5741366713373979,12.51140950438282,0.00588024394010802
6,4,1.5724499982933187,9.916598613538232,0.009848482966453617
7,4,1.5771628346482767,9.186461708752041,0.009785332242738571
8,4,1.5673705253473096,11.331522767295832,0.006663658692413389
9,4,1.5921877235692716,8.960923363722085,0.0055428115491017275
10,4,1.5925740204678815,7.791679500724269,0.0055972915963586525
11,4,1.6387945957636547,6.14439977796206,0.009272465000448711
12,4,1.5663272029275526,10.766652601568818,0.005842964773988634
13,4,1.5713016761083325,11.947257359413063,0.009515392382514724
14,4,1.5716273547692625,10.034838883839402,0.009697979974270937
15,4,1.5728273980641043,9.909882436132053,0.0063048017240753375
16,4,1.5765375813085876,10.284470167189133,0.006826236264858261
17,4,1.5721565027950701,9.368986525763852,0.005837394613575685
18,4,1.5860488003015611,14.250394296720303,0.006420403112468425
19,4,1.5740154978217105,9.850525566020364,0.006527463299765564
20,4,1.5760925845234093,13.050336263039418,0.006423198371099108
21,4,1.5767083450353867,9.53104790699054,0.006569428993637327
22,4,1.644526373379152,6.391707987468614,0.007877314454851521
23,4,1.5755188367193536,10.906981573959783,0.0069148023583364224
24,4,1.5801031113846746,8.710003164071859,0.006025612024842615
25,4,1.5690971740315565,10.727326322997122,0.0061870366576572714
26,4,1.5747082071479725,9.363090650583057,0.0062056268107208
27,4,1.573924019297882,12.51329358222836,0.009450380261305527
28,4,1.58778394719588,14.025176683008214,0.007086210454961171
29,4,1.573884631179362,11.390589043609006,0.006871143577582084
30,4,1.5756969042250115,9.33895373411632,0.009736368824088619
31,4,1.5972478382233866,15.259151013724887,0.006629680547000422
32,4,1.5740801674301046,12.703672921686259,0.005823449532743918
33,4,1.5768176781794845,11.011748155219356,0.00767799578805809
34,4,1.587377491304396,12.544320512092257,0.005408608876102752
35,4,1.567993887177196,11.798003648908375,0.005830465189124791
36,4,1.5742392238359266,12.763089581285758,0.005739414566686169
37,4,1.5735543453976126,11.975113688351273,0.006722132212793038
38,4,1.5827510972796033,11.014614203884424,0.009019211013357101
39,4,1.5703405218113933,11.530421619902675,0.009687828759331581
40,4,1.570452449868099,10.907646078561095,0.006245753315451897
41,4,1.595036890650809,15.16184121976001,0.009338871448344695
42,4,1.573892214203276,12.703037210638858,0.009428794153399025
43,4,1.5684147309206975,10.297769440302176,0.006028022414336269
44,4,1.5929693500932813,12.46079626979824,0.004815071541642067
45,4,1.6072731525867912,8.008423732956944,0.00926676939669415
46,4,1.57494266927875,9.662313625867968,0.0064438243678317615
47,4,1.5852439152686777,8.424976987331588,0.009681301760936917
48,4,1.5823572062514664,10.159970497333175,0.008591241719421413
49,4,1.5731189620004264,9.46794984144682,0.00606788388349508
50,4,1.589455587371894,8.982931418634786,0.007863256042946734
